Setting,Metric,Point Estimate,95% CI Lower,95% CI Upper
Default Threshold (0.50),Accuracy,0.8779,0.8642,0.8905
Default Threshold (0.50),Precision,0.5815,0.5375,0.6232
Default Threshold (0.50),Recall,0.7565,0.7154,0.801
Default Threshold (0.50),F1-score,0.6576,0.6206,0.6935
Default Threshold (0.50),ROC-AUC,0.9223,0.9085,0.9346
Default Threshold (0.50),PR-AUC,0.7257,0.6804,0.7663
Default Threshold (0.50),Brier Score,0.0878,0.0801,0.0962
Validation-Selected Threshold (0.70),Accuracy,0.8962,0.8844,0.908
Validation-Selected Threshold (0.70),Precision,0.6684,0.6199,0.7143
Validation-Selected Threshold (0.70),Recall,0.6545,0.607,0.7018
Validation-Selected Threshold (0.70),F1-score,0.6614,0.6218,0.6992
Validation-Selected Threshold (0.70),ROC-AUC,0.9223,0.9085,0.9346
Validation-Selected Threshold (0.70),PR-AUC,0.7257,0.6804,0.7663
Validation-Selected Threshold (0.70),Brier Score,0.0878,0.0801,0.0962
