Feature,FeatureValue,SHAPValue,AbsSHAPValue
num__PageValues,86.33623272,3.0595956,3.0595956
num__BounceRates,0.028571429,-0.73978215,0.73978215
num__ProductRelated_Duration,95.0,-0.5311129,0.5311129
cat__Month_May,0.0,-0.4833712,0.4833712
cat__TrafficType_13,0.0,-0.42137635,0.42137635
cat__OperatingSystems_3,0.0,-0.3036633,0.3036633
num__Administrative,0.0,0.26577014,0.26577014
cat__TrafficType_1,0.0,-0.23776832,0.23776832
num__Administrative_Duration,0.0,-0.2279185,0.2279185
num__ExitRates,0.028571429,-0.19381134,0.19381134
num__Informational_Duration,0.0,-0.1756629,0.1756629
cat__VisitorType_New_Visitor,1.0,0.15013818,0.15013818
cat__Month_Nov,0.0,0.116274714,0.116274714
cat__TrafficType_3,0.0,-0.115791276,0.115791276
num__ProductRelated,6.0,-0.08535964,0.08535964
num__Informational,0.0,-0.07995904,0.07995904
num__SpecialDay,0.0,-0.039341554,0.039341554
cat__OperatingSystems_2,0.0,0.018313406,0.018313406
cat__TrafficType_2,1.0,0.012230537,0.012230537
cat__VisitorType_Returning_Visitor,0.0,-0.007583128,0.007583128
