Feature,MeanAbsSHAP
cat__Month_May,0.9955386
num__PageValues,0.608391
num__ExitRates,0.5489376
cat__TrafficType_13,0.46945262
num__ProductRelated_Duration,0.319212
cat__Month_Nov,0.30702475
num__BounceRates,0.29671106
cat__TrafficType_1,0.2201155
num__Administrative_Duration,0.21233417
num__ProductRelated,0.1939144
cat__TrafficType_3,0.17554376
cat__VisitorType_New_Visitor,0.16630448
num__Informational_Duration,0.15182234
num__Administrative,0.14478096
cat__OperatingSystems_3,0.09954991
num__Informational,0.052685216
cat__TrafficType_2,0.049096167
num__SpecialDay,0.04508177
cat__OperatingSystems_2,0.024319783
cat__VisitorType_Returning_Visitor,0.0135771865
